Source,Accuracy
2,0.248
4,0.949
1,0.847
c1,0.298
7,0.371
c2,0.809
3,0.79
5,0.804
6,0.7197197197197197
Overall,0.6484444444444445
