Source,Accuracy
2,0.75
4,0.993
1,0.318
c1,0.246
7,0.829
c2,0.661
3,0.466
5,0.751
6,0.8228228228228228
Overall,0.6485555555555556
