Source,Accuracy
2,0.444
4,0.973
1,0.851
c1,0.509
7,0.416
c2,0.589
3,0.993
5,0.969
6,0.5855855855855856
Overall,0.7032222222222222
