Source,Accuracy
2,0.066
4,0.856
1,0.825
c1,0.525
7,0.628
c2,0.566
3,0.849
5,0.828
6,0.6476476476476476
Overall,0.6434444444444445
