Source,Accuracy
2,0.497
4,0.864
1,0.456
c1,0.321
7,0.591
c2,0.757
3,0.64
5,0.511
6,0.7487487487487487
Overall,0.5984444444444444
