Source,Accuracy
2,0.488
4,1.0
1,0.999
c1,0.7
7,0.859
c2,0.891
3,1.0
5,0.999
6,0.8408408408408409
Overall,0.8641111111111112
