Source,Accuracy
2,0.385
4,0.98
1,0.649
c1,0.402
7,0.408
c2,0.55
3,0.976
5,0.962
6,0.44144144144144143
Overall,0.6392222222222222
