Source,Accuracy
2,0.785
4,0.224
1,0.171
c1,0.162
7,0.584
c2,0.697
3,0.196
5,0.509
6,0.5725725725725725
Overall,0.43344444444444447
