Source,Accuracy
2,0.353
4,0.006
1,0.0
c1,0.19
7,0.176
c2,0.424
3,0.0
5,0.0
6,0.23823823823823823
Overall,0.15411111111111112
