Source,Accuracy
2,0.435
4,0.731
1,0.468
c1,0.203
7,0.231
c2,0.231
3,0.611
5,0.55
6,0.25225225225225223
Overall,0.41244444444444445
