Source,Accuracy
2,0.399
4,0.916
1,0.868
c1,0.585
7,0.776
c2,0.727
3,0.946
5,0.858
6,0.7837837837837838
Overall,0.7621111111111111
