Source,Accuracy
2,0.35
4,0.793
1,0.43
c1,0.297
7,0.322
c2,0.386
3,0.568
5,0.538
6,0.43343343343343343
Overall,0.45744444444444443
