Source,Accuracy
2,0.449
4,1.0
1,0.999
c1,0.712
7,0.859
c2,0.894
3,1.0
5,0.999
6,0.8358358358358359
Overall,0.8608888888888889
