Source,Accuracy
2,0.054
4,0.794
1,0.782
c1,0.519
7,0.446
c2,0.487
3,0.811
5,0.84
6,0.5355355355355356
Overall,0.5854444444444444
