Source,Accuracy
2,0.565
4,0.027
1,0.046
c1,0.063
7,0.383
c2,0.688
3,0.046
5,0.021
6,0.4344344344344344
Overall,0.25255555555555553
