Source,Accuracy
2,0.338
4,0.996
1,0.636
c1,0.112
7,0.521
c2,0.704
3,0.679
5,0.989
6,0.5565565565565566
Overall,0.6145555555555555
