Source,Accuracy
2,0.478
4,1.0
1,1.0
c1,0.612
7,0.856
c2,0.948
3,1.0
5,0.997
6,0.8428428428428428
Overall,0.8593333333333333
