Source,Accuracy
2,0.459
4,0.814
1,0.437
c1,0.176
7,0.622
c2,0.752
3,0.549
5,0.429
6,0.7727727727727728
Overall,0.5567777777777778
