Source,Accuracy
2,0.164
4,0.385
1,0.63
c1,0.402
7,0.472
c2,0.568
3,0.868
5,0.85
6,0.48848848848848847
Overall,0.5364444444444444
