Source,Accuracy
2,0.692
4,0.938
1,0.994
c1,0.678
7,0.706
c2,0.87
3,0.967
5,0.649
6,0.7107107107107107
Overall,0.8005555555555556
