Source,Accuracy
2,0.05
4,0.962
1,0.844
c1,0.324
7,0.365
c2,0.499
3,0.84
5,0.268
6,0.5075075075075075
Overall,0.5177777777777778
