Source,Accuracy
2,0.324
4,0.735
1,0.007
c1,0.199
7,0.374
c2,0.518
3,0.103
5,0.243
6,0.3933933933933934
Overall,0.3218888888888889
