Source,Accuracy
2,0.392
4,0.893
1,0.482
c1,0.497
7,0.75
c2,0.532
3,0.534
5,0.684
6,0.7337337337337337
Overall,0.6108888888888889
