Source,Accuracy
2,0.198
4,0.968
1,1.0
c1,0.195
7,0.333
c2,0.289
3,1.0
5,0.712
6,0.26126126126126126
Overall,0.5507777777777778
