Source,Accuracy
2,0.191
4,0.988
1,0.952
c1,0.276
7,0.381
c2,0.897
3,0.872
5,0.828
6,0.6826826826826827
Overall,0.6742222222222222
