Source,Accuracy
2,0.324
4,0.878
1,1.0
c1,0.367
7,0.587
c2,0.527
3,1.0
5,0.249
6,0.47347347347347346
Overall,0.6006666666666667
