Source,Accuracy
2,0.7
4,0.981
1,0.323
c1,0.516
7,0.81
c2,0.653
3,0.317
5,0.933
6,0.7847847847847848
Overall,0.6686666666666666
