Source,Accuracy
2,0.113
4,0.049
1,0.027
c1,0.007
7,0.18
c2,0.092
3,0.059
5,0.02
6,0.05205205205205205
Overall,0.06655555555555556
