Source,Accuracy
2,0.316
4,0.976
1,0.615
c1,0.422
7,0.658
c2,0.691
3,0.667
5,0.727
6,0.6506506506506506
Overall,0.6357777777777778
