Source,Accuracy
2,0.654
4,0.921
1,0.102
c1,0.118
7,0.548
c2,0.564
3,0.109
5,0.813
6,0.4844844844844845
Overall,0.47933333333333333
