Source,Accuracy
2,0.444
4,0.999
1,0.643
c1,0.264
7,0.74
c2,0.591
3,0.705
5,0.968
6,0.7557557557557557
Overall,0.6788888888888889
